Promoción vista,Marca de tiempo
EvergreenStatsShareFeatureEd,1688564309
RecordScreenBeaconCoachmark,1702737882
MapSettingsPersonalHeatmapCoachmark,1687815006
MapSettingsButtonPersonalHeatmapFeatureEd,1688685710
MapVisibilityFeedCoachmarkImpression,1688437943
MapVisibilityFeedCoachmarkImpression,1688437945
MapVisibilityFeedCoachmarkImpression,1688525054
MapVisibilityFeedCoachmarkImpression,1688588920
MapVisibilityFeedCoachmarkImpression,1688590015
MapVisibilityFeedCoachmarkOrModalDismissed,1688590029
MapVisibilityRowReinforcementImpression,1688525054
MapVisibilityRowReinforcementImpression,1688525055
MapVisibilityRowReinforcementImpression,1688588920
MapVisibilityRowReinforcementImpression,1688588921
MapVisibilityRowReinforcementImpression,1688588962
MapVisibilityRowReinforcementImpression,1688588964
MapVisibilityActivityCoachmarkImpression,1688437943
MapVisibilityActivityCoachmarkImpression,1688686292
MapVisibilityActivityCoachmarkImpression,1688686310
MapVisibilityActivityCoachmarkImpression,1688686314
MapVisibilityActivityCoachmarkDismissed,1688686333
RouteFromActivityMoreOptionsButtonCoachmark,1687783129
RouteFromActivitySaveButtonCoachmark,1687815028
MapVisibilitySettingCogCoachmark,1688590243
MapVisibilityNewLabelCoachmark,1689735658
MapVisibilitySettingRowCoachmark,1689735659
RouteLongPressCoachmark,1692141683
MentionsSettingCogCoachmark,1687818003
MentionsNewLabelCoachmark,1689735658
MapsTabDirtSports,1687815007
MapsTabDirtFirstTimeExperienceFree,1687815007
OfflineMapsFirstTimeExperience,1688590133
FollowModeCoachmark,1702737882
PostSubscriptionPreviewModalImpression,1705518720
SubPreviewMapsOverlay,1692141683
SubPreviewGroupTab,1691278229
SubPreviewGroupTab,1691348840
SubPreviewYouTab,1691240932
SubPreviewActivitiesFeedBanner,1691240933
SubPreviewActivitiesFeedBanner,1691526637
SubPreviewActivitiesFeedBanner,1691697802
SubPreviewProgressBanner,1693167030
SubPreviewWelcomeModalImpression,1691278229
SubPreviewConversionModalImpression,1694288710
SubPreviewConversionModalImpression,1694726261
SubPreviewConversionModalImpression,1694739130
WebMediaUploaderFeatureEd2,1688588992
WebMediaUploaderFeatureEd2,1688588993
WebMediaUploaderFeatureEd2,1688589042
WebMediaUploaderFeatureEd2,1699987980
FollowingFeedDoradoCooldownSix,1687728429
FollowingFeedDoradoCooldownSix,1687783128
FollowingFeedDoradoCooldownSix,1687783129
FollowingFeedDoradoCooldownSix,1687783130
FollowingFeedDoradoCooldownSix,1687783131
FollowingFeedDoradoCooldownSix,1687789281
FollowingFeedDoradoCooldownSix,1687815005
FollowingFeedDoradoCooldownSix,1688039072
FollowingFeedDoradoCooldownSix,1688040486
FollowingFeedDoradoCooldownSix,1688040487
FollowingFeedDoradoCooldownSix,1688076297
FollowingFeedDoradoCooldownSix,1688076298
FollowingFeedDoradoCooldownSix,1688157411
FollowingFeedDoradoCooldownSix,1688157412
FollowingFeedDoradoCooldownSix,1688157416
FollowingFeedDoradoCooldownSix,1688157417
FollowingFeedDoradoCooldownSix,1688219775
FollowingFeedDoradoCooldownSix,1688219776
FollowingFeedDoradoCooldownSix,1688437943
FollowingFeedDoradoCooldownSix,1688437944
FollowingFeedDoradoCooldownSix,1688525054
FollowingFeedDoradoCooldownSix,1688588920
FollowingFeedDoradoCooldownSix,1688588921
FollowingFeedDoradoCooldownSix,1688590014
FollowingFeedDoradoCooldownSix,1688590015
FollowingFeedDoradoCooldownSix,1688590330
FollowingFeedDoradoCooldownSix,1688644645
FollowingFeedDoradoCooldownSix,1688685564
FollowingFeedDoradoCooldownSix,1688685565
FollowingFeedDoradoCooldownSix,1688686277
FollowingFeedDoradoCooldownSix,1688686278
FollowingFeedDoradoCooldownSix,1688686471
FollowingFeedDoradoCooldownSix,1689528485
FollowingFeedDoradoCooldownSix,1689528486
FollowingFeedDoradoCooldownSix,1689528489
FollowingFeedDoradoCooldownSix,1689528490
FollowingFeedDoradoCooldownSix,1689559344
FollowingFeedDoradoCooldownSix,1689640623
FollowingFeedDoradoCooldownSix,1689640624
FollowingFeedDoradoCooldownSix,1689640625
FollowingFeedDoradoCooldownSix,1689640626
FollowingFeedDoradoCooldownSix,1689724560
FollowingFeedDoradoCooldownSix,1689724561
FollowingFeedDoradoCooldownSix,1689734912
FollowingFeedDoradoCooldownSix,1689734913
FollowingFeedDoradoCooldownSix,1689735983
FollowingFeedDoradoCooldownSix,1689735984
FollowingFeedDoradoCooldownSix,1689852989
FollowingFeedDoradoCooldownSix,1689852992
FollowingFeedDoradoCooldownSix,1689893194
FollowingFeedDoradoCooldownSix,1689893195
FollowingFeedDoradoCooldownSix,1689893196
FollowingFeedDoradoCooldownSix,1689893197
FollowingFeedDoradoCooldownSix,1690283059
FollowingFeedDoradoCooldownSix,1690283060
FollowingFeedDoradoCooldownSix,1691060867
FollowingFeedDoradoCooldownSix,1691060868
FollowingFeedDoradoCooldownSix,1691240931
FollowingFeedDoradoCooldownSix,1691240932
FollowingFeedDoradoCooldownSix,1691278229
FollowingFeedDoradoCooldownSix,1691348840
FollowingFeedDoradoCooldownSix,1691348841
FollowingFeedDoradoCooldownSix,1691409466
FollowingFeedDoradoCooldownSix,1691409470
FollowingFeedDoradoCooldownSix,1691526632
FollowingFeedDoradoCooldownSix,1691526633
FollowingFeedDoradoCooldownSix,1691526636
FollowingFeedDoradoCooldownSix,1691590738
FollowingFeedDoradoCooldownSix,1691590740
FollowingFeedDoradoCooldownSix,1691635290
FollowingFeedDoradoCooldownSix,1691635291
FollowingFeedDoradoCooldownSix,1691664622
FollowingFeedDoradoCooldownSix,1691664623
FollowingFeedDoradoCooldownSix,1691697749
FollowingFeedDoradoCooldownSix,1691697751
FollowingFeedDoradoCooldownSix,1691858551
FollowingFeedDoradoCooldownSix,1691858552
FollowingFeedDoradoCooldownSix,1691891120
FollowingFeedDoradoCooldownSix,1691891122
FollowingFeedDoradoCooldownSix,1691962825
FollowingFeedDoradoCooldownSix,1691962826
FollowingFeedDoradoCooldownSix,1692132278
FollowingFeedDoradoCooldownSix,1692132279
FollowingFeedDoradoCooldownSix,1692132280
FollowingFeedDoradoCooldownSix,1692132281
FollowingFeedDoradoCooldownSix,1692141689
FollowingFeedDoradoCooldownSix,1692141690
FollowingFeedDoradoCooldownSix,1692487147
FollowingFeedDoradoCooldownSix,1692487148
FollowingFeedDoradoCooldownSix,1692489160
FollowingFeedDoradoCooldownSix,1692489161
FollowingFeedDoradoCooldownSix,1692573755
FollowingFeedDoradoCooldownSix,1692573756
FollowingFeedDoradoCooldownSix,1692876854
FollowingFeedDoradoCooldownSix,1692876858
FollowingFeedDoradoCooldownSix,1693076754
FollowingFeedDoradoCooldownSix,1693076755
FollowingFeedDoradoCooldownSix,1693076756
FollowingFeedDoradoCooldownSix,1693082332
FollowingFeedDoradoCooldownSix,1693082335
FollowingFeedDoradoCooldownSix,1693157566
FollowingFeedDoradoCooldownSix,1693167026
FollowingFeedDoradoCooldownSix,1693167027
FollowingFeedDoradoCooldownSix,1693174056
FollowingFeedDoradoCooldownSix,1693174057
FollowingFeedDoradoCooldownSix,1693482264
FollowingFeedDoradoCooldownSix,1693482269
FollowingFeedDoradoCooldownSix,1693970782
FollowingFeedDoradoCooldownSix,1693970784
FollowingFeedDoradoCooldownSix,1693970792
FollowingFeedDoradoCooldownSix,1693970793
FollowingFeedDoradoCooldownSix,1694288710
FollowingFeedDoradoCooldownSix,1694726261
FollowingFeedDoradoCooldownSix,1694726262
FollowingFeedDoradoCooldownSix,1694739130
FollowingFeedDoradoCooldownSix,1694980111
FollowingFeedDoradoCooldownSix,1694980112
FollowingFeedDoradoCooldownSix,1695166550
FollowingFeedDoradoCooldownSix,1695297066
FollowingFeedDoradoCooldownSix,1695297067
FollowingFeedDoradoCooldownSix,1695331133
FollowingFeedDoradoCooldownSix,1695331134
FollowingFeedDoradoCooldownSix,1695331135
FollowingFeedDoradoCooldownSix,1695651251
FollowingFeedDoradoCooldownSix,1695901340
FollowingFeedDoradoCooldownSix,1695901341
FollowingFeedDoradoCooldownSix,1695931726
FollowingFeedDoradoCooldownSix,1695931727
FollowingFeedDoradoCooldownSix,1695994756
FollowingFeedDoradoCooldownSix,1695994757
FollowingFeedDoradoCooldownSix,1696004355
FollowingFeedDoradoCooldownSix,1696004356
FollowingFeedDoradoCooldownSix,1696167156
FollowingFeedDoradoCooldownSix,1696167157
FollowingFeedDoradoCooldownSix,1696169945
FollowingFeedDoradoCooldownSix,1696169947
FollowingFeedDoradoCooldownSix,1696169948
FollowingFeedDoradoCooldownSix,1696178889
FollowingFeedDoradoCooldownSix,1696187349
FollowingFeedDoradoCooldownSix,1696187369
FollowingFeedDoradoCooldownSix,1696191959
FollowingFeedDoradoCooldownSix,1696191960
FollowingFeedDoradoCooldownSix,1696341604
FollowingFeedDoradoCooldownSix,1696496690
FollowingFeedDoradoCooldownSix,1696496691
FollowingFeedDoradoCooldownSix,1696542470
FollowingFeedDoradoCooldownSix,1696542472
FollowingFeedDoradoCooldownSix,1696631598
FollowingFeedDoradoCooldownSix,1696631599
FollowingFeedDoradoCooldownSix,1696796900
FollowingFeedDoradoCooldownSix,1696796901
FollowingFeedDoradoCooldownSix,1696887040
FollowingFeedDoradoCooldownSix,1696887041
FollowingFeedDoradoCooldownSix,1697111256
FollowingFeedDoradoCooldownSix,1697111258
FollowingFeedDoradoCooldownSix,1697243335
FollowingFeedDoradoCooldownSix,1697243336
FollowingFeedDoradoCooldownSix,1697243340
FollowingFeedDoradoCooldownSix,1697243341
FollowingFeedDoradoCooldownSix,1697497354
FollowingFeedDoradoCooldownSix,1697754938
FollowingFeedDoradoCooldownSix,1697754939
FollowingFeedDoradoCooldownSix,1697819312
FollowingFeedDoradoCooldownSix,1697819313
FollowingFeedDoradoCooldownSix,1698397123
FollowingFeedDoradoCooldownSix,1698397125
FollowingFeedDoradoCooldownSix,1698420189
FollowingFeedDoradoCooldownSix,1698420190
FollowingFeedDoradoCooldownSix,1698518159
FollowingFeedDoradoCooldownSix,1698518160
FollowingFeedDoradoCooldownSix,1698518169
FollowingFeedDoradoCooldownSix,1698518170
FollowingFeedDoradoCooldownSix,1698842420
FollowingFeedDoradoCooldownSix,1698842421
FollowingFeedDoradoCooldownSix,1699002719
FollowingFeedDoradoCooldownSix,1699002720
FollowingFeedDoradoCooldownSix,1699129673
FollowingFeedDoradoCooldownSix,1699129674
FollowingFeedDoradoCooldownSix,1699129675
FollowingFeedDoradoCooldownSix,1699129676
FollowingFeedDoradoCooldownSix,1699461862
FollowingFeedDoradoCooldownSix,1699461863
FollowingFeedDoradoCooldownSix,1699464250
FollowingFeedDoradoCooldownSix,1699464251
FollowingFeedDoradoCooldownSix,1699530279
FollowingFeedDoradoCooldownSix,1699530280
FollowingFeedDoradoCooldownSix,1699564895
FollowingFeedDoradoCooldownSix,1699564896
FollowingFeedDoradoCooldownSix,1699572658
FollowingFeedDoradoCooldownSix,1699572661
FollowingFeedDoradoCooldownSix,1700132609
FollowingFeedDoradoCooldownSix,1700132610
FollowingFeedDoradoCooldownSix,1700323577
FollowingFeedDoradoCooldownSix,1700323578
FollowingFeedDoradoCooldownSix,1701086079
FollowingFeedDoradoCooldownSix,1701086080
FollowingFeedDoradoCooldownSix,1701309501
FollowingFeedDoradoCooldownSix,1701563917
FollowingFeedDoradoCooldownSix,1701563919
FollowingFeedDoradoCooldownSix,1702004540
FollowingFeedDoradoCooldownSix,1702004541
FollowingFeedDoradoCooldownSix,1702294901
FollowingFeedDoradoCooldownSix,1702294912
FollowingFeedDoradoCooldownSix,1702294913
FollowingFeedDoradoCooldownSix,1702294914
FollowingFeedDoradoCooldownSix,1702294918
FollowingFeedDoradoCooldownSix,1702294919
FollowingFeedDoradoCooldownSix,1702507773
FollowingFeedDoradoCooldownSix,1702507774
FollowingFeedDoradoCooldownSix,1705100447
FollowingFeedDoradoCooldownSix,1705100448
FollowingFeedDoradoCooldownSix,1705100451
FollowingFeedDoradoCooldownSix,1705100452
FollowingFeedDoradoCooldownSix,1705102631
FollowingFeedDoradoCooldownSix,1705102632
FollowingFeedDoradoCooldownSix,1705243766
FollowingFeedDoradoCooldownSix,1705351792
FollowingFeedDoradoCooldownSix,1705351793
FollowingFeedDoradoCooldownSix,1705352575
FollowingFeedDoradoCooldownSix,1705352576
FollowingFeedDoradoCooldownSix,1705356779
FollowingFeedDoradoCooldownSix,1705356780
FollowingFeedDoradoCooldownSix,1705496276
FollowingFeedDoradoCooldownSix,1705496277
FollowingFeedDoradoCooldownSix,1705496793
FollowingFeedDoradoCooldownSix,1705496794
FollowingFeedDoradoCooldownSix,1705496796
FollowingFeedDoradoCooldownSix,1705496797
ActivitySaveWalkthrough,1702738534
NewTermsOfService,1688437946
SuggestedRoutesInFeed,1698397123
SuggestedRoutesInFeed,1698420189
SuggestedRoutesInFeed,1698518159
SuggestedRoutesInFeed,1698518169
SuggestedRoutesInFeed,1699002719
SuggestedRoutesInFeed,1699129673
SuggestedRoutesInFeed,1699129675
SuggestedRoutesInFeed,1699530279
SuggestedRoutesInFeed,1699564895
SuggestedRoutesInFeed,1699572658
SuggestedRoutesInFeed,1699600194
SuggestedRoutesInFeed,1700132609
SuggestedRoutesInFeed,1700323577
SuggestedRoutesInFeed,1701309501
SuggestedRoutesInFeed,1701563917
SuggestedRoutesInFeed,1702004540
SuggestedRoutesInFeed,1702737860
SuggestedRoutesInFeed,1702737861
SuggestedRoutesInFeed,1702738538
SuggestedRoutesInFeed,1702763504
SuggestedRoutesInFeed,1702763505
SuggestedRoutesInFeed,1702764620
SuggestedRoutesInFeed,1702784081
SuggestedRoutesInFeed,1702784092
SuggestedRoutesInFeed,1702785679
SuggestedRoutesInFeed,1702785685
SuggestedRoutesInFeed,1703414092
SuggestedRoutesInFeed,1705004366
SuggestedRoutesInFeed,1705004952
SuggestedRoutesInFeed,1705004957
SuggestedRoutesInFeed,1705012329
SuggestedRoutesInFeed,1705012330
SuggestedRoutesInFeed,1705100447
SuggestedRoutesInFeed,1705100451
SuggestedRoutesInFeed,1705102631
SuggestedRoutesInFeed,1705145797
SuggestedRoutesInFeed,1705145801
SuggestedRoutesInFeed,1705154760
SuggestedRoutesInFeed,1705172112
SuggestedRoutesInFeed,1705243766
YouTabProfileMove,1700323578
RecordScreenSpotifyCoachmark,1702763509
ChatShareActivityInMessageCoachmark,1702294914
ChatFeatureTryCtaImpression,1702294901
ChatFeatureTryCtaImpression,1702737861
YiSFeedCarousel2023,1702737860
YiSFeedCarousel2023,1702737861
YiSFeedCarousel2023,1702738538
YiSFeedCarousel2023,1702763504
YiSFeedCarousel2023,1703414092
YiSFeedCarousel2023,1703518716
YiSFeedCarousel2023,1703518950
YiSFeedCarousel2023,1704116893
